,Product Name,Product Price,Product Rating,Product Review,Product URL
0,American Tourister 32 Ltrs Black Casual Backpack (AMT FIZZ SCH BAG 02 - BLACK),"1,299",4.1,"51,350",https://www.amazon.in/American-Tourister-AMT-SCH-02/dp/B07CJCGM1M
1,Wesley Milestone 2.0 Casual Waterproof Laptop Backpack/Office Bag/School Bag/College Bag/Business Bag/Travel Backpack (Dimensions:13x18 inches) (Compatible with 39.62cm(15.6inch laptop) 30 L (Blue & black),565,4.3,"9,219",https://www.amazon.in/Wesley-Milestone-Waterproof-Backpack-Business/dp/B084JGJ8PF
2,Skybags Brat Black 46 Cms Casual Backpack,669,4.1,"3,364",https://www.amazon.in/Skybags-Brat-Black-Casual-Backpack/dp/B08Z1HHHTD
3,ADISA 15.6 inch Laptop Backpack Office Bag College Travel Back Pack 32 Ltrs (z-Navy Blue),499,3.9,461,https://www.amazon.in/ADISA-Laptop-Backpack-Office-College/dp/B09TPX22NF
4,AirCase C34- 13 Inch/ 14 Inch/15.6 Inch Premium Vegan Leather Laptop Backpack for Men & Women (Black)- 25 Ltrs,999,3.9,709,https://www.amazon.in/AirCase-C34-Laptop-Backpack-Women/dp/B07QN4KXWG
5,"Mi Step Out 12 L Mini Backpack (Small Size, Black, Water Repellant)",356,4.1,"7,623",https://www.amazon.in/Backpack-Small-Black-Water-Repellant/dp/B088XB5XY8
6,"Safari Flash Casual Backpack, 26 ltr Water Resistant Travel Bags| Weight Polyester Bagpack for Men and Women, Spacious Shoulder Bag for College, Office, Travelling and Camping",699,3.9,"2,180",https://www.amazon.in/Safari-Backpack-Resistant-Polyester-Travelling/dp/B09B29F66W
7,Wesley Spartan Unisex Travel Hiking Laptop Bag fits Upto 17.3 inch with Raincover and Internal Organiser Backpack Rucksack College Bag,798,4.1,911,https://www.amazon.in/Wesley-Spartan-Hiking-Raincover-Organiser/dp/B098QFF5TJ
8,DEIN KLEIDER Men's Nylon Messenger Bag,349,4.0,"4,395",https://www.amazon.in/Kleider-Travel-Business-Messenger-Shoulder/dp/B084ZHP97M
9,Gear CarryOn 16L Foldable Water Resistant School Bag//Backpack/College Bag for Men/Women - Blue Black,249,3.7,"5,921",https://www.amazon.in/GEAR-Black-Blue-Backpack-years/dp/B019HA8AYG
10,Half Moon Large 37L Laptop Bag Backpack for menं Women Boys and Girls Luggage Travel Bags with 17.3 inches Laptop Compartment & Rain Cover,849,3.9,"2,124",https://www.amazon.in/Half-Moon-Backpack-Luggage-Compartment/dp/B09VCLZ3K4
11,ADISA Light Weight Laptop Backpack 32 Ltrs,499,4.0,"5,545",https://www.amazon.in/ADISA-BP005-Weight-Casual-Backpack/dp/B07F3X45WZ
12,ADISA Laptop Backpack 31 Ltrs,499,4.0,"8,989",https://www.amazon.in/ADISA-BP004-Weight-Casual-Backpack/dp/B07G3CG9FC
13,"Wesley Unisex Milestone Casual Waterproof Laptop Office School College Business Travel Backpack 25 L (Dimensions: 12.5x18 inches) (Compatible with 15.6 inch laptops), Navy Blue",498,4.3,"12,103",https://www.amazon.in/Wesley-Milestone-Waterproof-Backpack-Business/dp/B07K8KLB3P
14,Bennett™ Mystic Formal Business Briefcase Bag Crossbody Messenger College Bags For Men Women MacBook INoteBook ITablet Laptop Upto 15.6 Inch | Handbags with Shoulder Straps (Blue) 6 Months Warranty,512,4.1,"4,857",https://www.amazon.in/Bennett-Mystic-Shoulder-Messenger-Repellent/dp/B08X2T2M8G
15,"Mi Step Out 12 L Mini Backpack (Small Size, Dark Blue, Water Repellant)",299,4.1,"7,623",https://www.amazon.in/Step-Backpack-Small-Water-Repellant/dp/B088XH1BP7
16,"Safari Quill Laptop Backpack 26 Ltrs Water Resistant Fabric - Black, L (QUILL19CBBLK)",899,3.9,675,https://www.amazon.in/Safari-Laptop-Backpack-Resistant-Fabric/dp/B09B25Z8M2
17,"INOVERA Faux Leather Women Handbags Shoulder Hobo Bag Purse With Long Strap, 32L x 13B x 30H cm","1,399",4.1,"6,795",https://www.amazon.in/Inovera-Label-Women-Handbags-Shoulder/dp/B08CMQD4BC
18,Gear Aspire 30L Water Restant Office Laptop Bag/Backpack for Men/Women/(Black),"1,188",4.3,"4,873",https://www.amazon.in/Gear-Black-Laptop-Backpack-LBPASPIRE0104/dp/B075MK4TXP
19,Wesley Milestone 15.6 inch 25 L Casual Waterproof Laptop Backpack/Office Bag/School Bag/College Bag/Business Bag/Unisex Travel Backpack,498,4.3,"12,103",https://www.amazon.in/Wesley-Milestone-Waterproof-Backpack-Business/dp/B07PLKV6D1
20,Tommy Hilfiger Joshua 15 inch 21 Ltrs Light Grey Laptop Backpack (TH/JOSHUALAP07),"1,887",3.9,364,https://www.amazon.in/Hilfiger-Joshua-Backpack-TH-JOSHUALAP01/dp/B07N8GRWTZ
21,Gear Triumph 26L Water Resistant School Bag//Backpack/College Bag for Men/Women - Navy Blue,769,4.2,"5,373",https://www.amazon.in/Gear-Beige-Casual-Backpack-BKPTRMP520522/dp/B00VWM11HQ
22,NIVIA Basic Duffle Polyester Bag/Gym Bags/Adjustable Shoulder Bag for Men/Duffle Gym Bags for Men/Fitness Bag/Carry Bags/Sports & Travel Bag/Sports Kit/Duffle Bags Travel,239,4.0,"1,983",https://www.amazon.in/Nivia-6853-Polyester-Basic-Duffle/dp/B07FWQ9HRV
23,American Tourister Casual Backpack,"1,099",4.1,"14,185",https://www.amazon.in/American-Tourister-AMT-SCH-BAG01/dp/B07CJCFNZG
24,Bagneeds Men's Black Synthetic Leather Briefcase Best Laptop Messenger Bag Satchel for Men,664,4.1,"3,612",https://www.amazon.in/Bagneeds-Synthetic-Leather-Briefcase-Messenger/dp/B0855F8174
25,Skybags Polypropylene 46 Cms Travel Bag(DFACN1BLU_Blue),564,4.0,23,https://www.amazon.in/Skybags-Polypropylene-Cms-Travel-DFACN1BLU_Blue/dp/B0B6CH21F9
26,"Dell Pro Slim Backpack 15 - PO1520PS - Fits Most laptops up to 38.1 cm (15 inches, Black)","1,599",4.4,373,https://www.amazon.in/Dell-Pro-Slim-Backpack-15/dp/B07PMQTB6T
27,Gear Classic 20L Faux Leather Water Resistant Anti Theft Laptop Bag/Backpack for Men/Women-Brown,"1,039",4.4,"5,323",https://www.amazon.in/Gear-Classic-Leather-Backpack-LBPCLSLTH0201/dp/B07G4F6XFH
28,Skybags Brat Sea Green 46 Cms Casual Backpack,669,4.1,870,https://www.amazon.in/Skybags-Brat-Green-Casual-Backpack/dp/B08Z21W4TG
29,Tabelito® Laptop Bag For Men and women Briefcase 15.6 Inch (39.6 cm) Messenger Side Shoulder Travel bags for mens Water Resistant gifts office bag for men,549,4.0,"2,369",https://www.amazon.in/Tabelito-Office-Laptop-Briefcase-Women/dp/B08FKXCJNQ
30,NIVIA Beast Gym Bag-4 Polyester/Unisex Gym Bags/Shoulder Bag for Men & Women with Separate Shoes Compartment/Carry Gym Accessories/Fitness Bag/Sports & Travel Bag/Sports Kit (Black),529,4.2,"3,667",https://www.amazon.in/Nivia-5183-Polyester-Duffle-Medium/dp/B071KNXQ7Y
31,"ZANIC'S Large Capacity Cosmetic Travel Bag, Women's Makeup Travel Bag Portable Leather Cosmetics Bag, Makeup Storage Bags with Handle and Divider, Wide Opening Cosmetic/Makeup Organizer Bags (Pink)",749,4.6,25,https://www.amazon.in/Capacity-Cosmetic-Portable-Cosmetics-Organizer/dp/B0BR123Z9J
32,PETRICE Multifunctional Travel Bag Extra Large Makeup Organiser with Hook (Navy Blue),499,4.2,"1,770",https://www.amazon.in/PETRICE-Multifunctional-Travel-Makeup-Organiser/dp/B07W22LC2D
33,"Safari Spartan 21 Ltrs Water Resistant Backpack - Blue, S (SPARTAN19CBBLU)",599,3.8,627,https://www.amazon.in/Safari-Spartan-Water-Resistant-Backpack/dp/B09B26MB5M
34,Boldfit Waist Bag for Men Travel Bag for Men Chest Bag for Men Travel Fanny Pack for Men Waist Bag for Women Side Bag for Men Travel Accessories / Pouch / Hand Purse. Mobile Bag / Money Bag - Black,399,4.9,275,https://www.amazon.in/Boldfit-Travel-Accessories-Purse-Mobile/dp/B0BJZQ3ZR9
35,"SIDRUM WF-18 DSLR/SLR Camera Shoulder Bag Case with Adjustable Shoulder Strap & Rain Cover, Compatible for Nikon, Canon, Sony Mirrorless Cameras - Waterproof - Breathable - Anti Shock (Orange-Black)",664,4.4,808,https://www.amazon.in/SIDRUM-Shoulder-Adjustable-Compatible-Mirrorless/dp/B09P74TZY8
36,Bennett™ Mystic 15.6 inch (39.6cm) Laptop Briefcase Shoulder Sling Office Business Professional Travel Messenger Bag for Men and Women Water Repellent Formal Executive Bags (Grey) 6 Months Warranty,512,4.1,"4,857",https://www.amazon.in/BennettTM-Mystic-Shoulder-Messenger-Repellent/dp/B09321GJXZ
37,Wildcraft Work Packs'18 21 Ltrs Black Laptop Backpack (Streak Plus),"1,445",4.4,"1,884",https://www.amazon.in/Wildcraft-Packs18-Laptop-Backpack-Streak/dp/B07FC4D9B5
38,Lino Perros leatherette Tote Bag,988,4.3,"2,532",https://www.amazon.in/Lino-Perros-Womens-Tote-Pink/dp/B07JN9G66H
39,"AirCase Premium Backpack fits upto 15.6"" Laptop, Lightweight & Waterproof Vegan Leather, Spacious Unisex Bag for Office/ Travel/ College, Brown- With Warranty",999,4.0,961,https://www.amazon.in/AirCase-C34-Laptop-Backpack-Women/dp/B07QL8633G
40,"Bennett Casual Laptop Bag school bags for boys girls 15.6-inch, 25 LTR Office & College bags for mens Water Repellent Backpack for Men & Women (Black)",512,3.9,345,https://www.amazon.in/Bennett-15-6-inch-College-Repellent-Backpack/dp/B09WZHX3B1
41,"Motherly Diaper Bags for Mom Travel Basic Edition (Navy Blue,Pack of 1)","1,516",4.5,"2,470",https://www.amazon.in/Motherly-Diaper-Bags-Travel-Basic/dp/B07PKQ3WJZ
42,Wildcraft Turnaround Polyester 14 inch 27 Ltrs Blue Laptop Bag (8903340000000),"1,695",4.3,"3,183",https://www.amazon.in/Wildcraft-Turnaround-Polyester-Laptop-8903340000000/dp/B012D4QWES
43,NIVIA Deflate Round 01 Polyester Gym Bag/Unisex Gym Bags/Adjustable Shoulder Bag for Men/Duffle Gym Bags for Men/Carry Gym Accessories/Fitness Bag/Sports &Travel Bag/Gym kit Bag,449,4.2,"7,165",https://www.amazon.in/Nivia-Deflate-5180BK-Polyester-Round/dp/B07222KX3S
44,"Bennett Casual Laptop Bag school bags for boys girls 15.6-inch, 25 LTR Office & College bags for mens Water Repellent Backpack for Men & Women (GREY)",512,3.9,345,https://www.amazon.in/Bennett-15-6-inch-College-Repellent-Backpack/dp/B09WZKHSDR
45,Baggit Women Hobo Handbag (ROSE),595,4.2,177,https://www.amazon.in/Baggit-Autumn-Winter-Leather-Womens-Handbag/dp/B08SCDTRKP
46,"Amazon Brand - Solimo Laptop Backpack for 15.6-inch Laptops (27 litres, Black)",449,3.8,"1,215",https://www.amazon.in/Amazon-Brand-Backpack-15-6-inch-Laptops/dp/B076QFBFRG
47,"FUR JADEN 15.6 Inch Smart Laptop Backpack Bag With USB Charging Port, Anti Theft Pocket and Accessories Organiser for Men Women Boys Girls",999,4.8,37,https://www.amazon.in/FUR-JADEN-Backpack-Accessories-Organiser/dp/B0BSHBH9K2
48,"WILD MODA Women's Shoulder Bag, Set of 1",849,4.3,"3,314",https://www.amazon.in/WILD-MODA-Womens-Shoulder-Turquoise/dp/B099PLT91X
49,"Mi Step Out 12 L Mini Backpack (Small Size, Red, Water Repellant)",388,4.1,"7,623",https://www.amazon.in/Step-Backpack-Small-Water-Repellant/dp/B088XG77KN
50,Wesley Xenon Laptop Bag,498,4.0,"1,061",https://www.amazon.in/Wesley-Briefcase-Professional-Messenger-Resistant/dp/B08K7PN23C
51,NETTIE Cotton Carry Bag with Strap and Drawstring for Yoga Mat- Big Size,198,4.1,978,https://www.amazon.in/NETTIE-Cotton-Carry-Strap-Drawstring/dp/B08LBT1R9J
52,Lenovo Slim Everyday Backpack,839,4.4,"2,630",https://www.amazon.in/Lenovo-15-6-Inches-Everyday-Backpack/dp/B08R7RPVJF
53,Wildcraft 44 Ltrs Casual Backpack (11629-Wolf_Black),"1,599",4.3,"5,412",https://www.amazon.in/Wildcraft-Wolf_Blk-Casual-Backpack-11629-Wolf_Blk/dp/B079DDT65R
54,"Chic Buddy Waterproof Wet Bag, Washable, Reusable for Travel, Beach, Pool, Stroller, Diapers, Dirty Gym Clothes, Wet Swimsuits, Toiletries",299,4.5,256,https://www.amazon.in/Chic-Buddy-Waterproof-Swimsuits-Toiletries/dp/B09KSBHC18
55,F Gear Tycoon 27 Liters Laptop Backpack Sch Bag(Black),"1,168",4.4,202,https://www.amazon.in/F-Gear-Tycoon-Laptop-Backpack/dp/B071XJ6XV5
56,Fostelo Handbag For Women And Girls | Ladies Purse Faux Leather Satchel Bag | Woman Gifts | Wedding Gifts For Women | Women 3 Compartments Bag | Travel Purse Hobo Bag | 5 Pockets Shoulder Bag,498,4.1,"8,911",https://www.amazon.in/Fostelo-CATLIN-Womens-Handbag-Maroon/dp/B079MD5F7R
57,Lavie Women's Malnov Tote Bag | Ladies Purse Handbag,"1,013.94",4.1,"4,825",https://www.amazon.in/Lavie-Malgana-Womens-Tote-Black/dp/B07PKHC72N
58,Baggit Women's PEPSI Sling Bag,812,4.3,"1,923",https://www.amazon.in/Baggit-Womens-Hobo-Handbag-Green/dp/B097C2T2DS
59,"Veneer Laptop Bag 15.6 Inch, Business Briefcase for Men Women, 15inch Water Resistant Messenger Shoulder Bag with Strap, Durable Office Bag, for Computer/Notebook/MacBook","1,055",4.2,"2,882",https://www.amazon.in/Veneer-Business-Briefcase-Resistant-Messenger/dp/B08Z619V6Z
60,Baggit Women's Sling Bag (Grey),837,4.3,777,https://www.amazon.in/Baggit-Womens-Satchel-Handbag-Grey/dp/B098TKJG1L
61,Wesley Ignite Casual Waterproof Laptop Backpack/Office Bag/School Bag/College Bag/Business Bag/Travel Backpack (Dimensions:13x18.5 inches) (Compatible with 39.62cm(15.6inch laptop),599,5.0,3,https://www.amazon.in/Wesley-Waterproof-Backpack-Business-Dimensions/dp/B0BMQ4D59H
62,PALAY® Crossbody Phone Bags For Women 3 Layers Small Multifunctional Mobile Pouch Sling Bags For Girls Latest Travel Cell Phone Purses Pouch Sport Shoulder Bag,552,4.4,276,https://www.amazon.in/PALAY%C2%AE-Multifunctional-Pattern-Accommodate-Shoulder/dp/B09FJZJVP8
63,Wesley office Laptop Bag briefcase notebook professional business 15.6 Inch Briefcase messenger sling Water resistant Laptop Bag Tablet Business Carrying Handbag for Women and Men (Charcoal Black),471,4.0,"1,061",https://www.amazon.in/Wesley-briefcase-professional-Briefcase-messenger/dp/B0BJVDN7VT
64,"SHALIMAR large capacity Travel bag / Storage bag / Move-in bags/ Duffel Bag - Strong, Durable , Foldable and Water Resistant ( Pack of 1 ) ( Blue )",247,4.1,267,https://www.amazon.in/Shalimar-Capacity-Travel-Storage-Duffel/dp/B09TPHFMX7
65,Lenovo Casual Laptop Backpack B210 15.6-inch(39.6cm) Water Repellent Black,922,4.2,"53,029",https://www.amazon.in/Lenovo-Laptop-Backpack-15-6-Inch-GX40Q17225/dp/B075Y72PHZ
66,"Wesley Milestone 2.0 Casual Waterproof Laptop Backpack/Office Bag/School Bag/College Bag/Business Bag/Travel Backpack (Dimensions:13x18 inches) (Compatible with 39.62cm(15.6inch laptop) 30 L, Charcoal black",565,4.3,"9,219",https://www.amazon.in/Wesley-Milestone-Waterproof-Backpack-Business/dp/B085S444JV
67,Nivia Polyester String Bag,139,4.1,968,https://www.amazon.in/Nivia-5177BK-Polyester-String-Black/dp/B071XM6PSM
68,"Osaka Pro Series-11 Waterproof DSLR Backpack Camera Bag, Lens Accessories Carry Case for Nikon, Canon, Olympus, Pentax & Others-Made in India",880,3.9,553,https://www.amazon.in/Osaka-Pro-Waterproof-Accessories-Others-Made/dp/B081Z1TVPQ
69,Lino Perros Faux Leather Sling Bag,768,3.9,193,https://www.amazon.in/Lino-Perros-Womens-Sling-Gold/dp/B07MV38P1L
70,EAYIRA Hanging Travel Toiletry Kit Bag Cosmetic Make up Organizer Multifunction Portable Makeup Pouch for Women and Girls Waterproof Ladies Case Travelling Storage Inner Ware Up Brush Kit Holder,380,3.9,747,https://www.amazon.in/EAYIRA-Portable-Multifunctional-Organizer-Cosmetic/dp/B07QYVX5FT
71,American Tourister KAMILIANT Polypropylene Hard 68 cms Luggage (LG4 (0) 00 002_Crimson)(46×68×28) cm Travel Bag,"2,799",4.2,119,https://www.amazon.in/American-Tourister-Polypropylene-LG4-002_Crimson/dp/B0BB2LKNXG
72,"Pigeon Breast Milk Storage Bag,Secure Seal & easy Storage,Hygienic Breast Milk Storage,Leak Proof,Zipper Zeal Breast Milk Storage,5 pcs",115,4.3,442,https://www.amazon.in/Pigeon-Breast-Milk-Storage-Pieces/dp/B01M5DGMZ9
73,Gear Polyester 74 Cms Duffle Bag(Dufcrstng0406_Grey),539,4.1,"15,913",https://www.amazon.in/Gear-Polyester-Travel-Duffle-DUFCRSTNG0406/dp/B075MMWRW6
74,"SIDRUM DSLR/SLR Camera Shoulder Bag Case with Adjustable Shoulder Strap & Rain Cover, Compatible for Nikon, Canon, Sony Mirrorless Cameras - Waterproof - Breathable - Anti Shock (Orange-Black-Large)",949,4.4,808,https://www.amazon.in/SIDRUM-Shoulder-Adjustable-Compatible-Mirrorless/dp/B09SHTBFQF
75,Isle Locada by Hidesign Women's SLING BAG(AUBERGINE/AUBERG),"1,599",4.5,341,https://www.amazon.in/Isle-Locada-Hidesign-Womens-Purple/dp/B07T97R1H1
76,F Gear Luxur Brown 25 liter Laptop Backpack (2404),"1,099",4.4,"16,287",https://www.amazon.in/F-Gear-Luxur-Brown-Backpack/dp/B01F7AX9ZA
77,StarX Nylon 15 Cms Gym Bag(Orange Bag_Orange),237,3.7,134,https://www.amazon.in/StarX-Compact-Nylon-Mesh-Medium-Orange/dp/B01NBTOX54
78,Lino Perros Sling bag,928,4.2,596,https://www.amazon.in/Lino-Perros-Womens-Sling-Black/dp/B07B4FBQ3X
79,"Zipline Synthetic Leather Executive SMALL messenger bag Briefcase for upto 13"" Laptop/Tablet for men women with multiple compartments (1-Tan Bag)",938,3.9,335,https://www.amazon.in/Leatherette-Executive-messenger-multiple-compartments/dp/B099NM8621
80,Lify Women's Retro Large Size Canvas Shoulder Bag Hobo Crossbody Handbag Casual Tote - 1 Piece,320,3.8,"1,221",https://www.amazon.in/Lify-Womens-Shoulder-Crossbody-Handbag/dp/B09JWMW646
81,PALAY Women's Small Cross-Body Phone Bag Stylish PU Leather Mobile Cell Phone Holder Pocket Purse Wallet Sling Bag Mini Shoulder Bags,784,4.3,"1,040",https://www.amazon.in/PALAY%C2%AE-Crossbody-Mobile-Leather-Shoulder/dp/B09GYGRB56
82,"HOT DELIVERY BAGS Insulated and Waterproof Door Hanging Bag for Milk Sachets and Bottles Storage, Durable and Light Weight (Sea Green)",649,4.5,250,https://www.amazon.in/HOT-DELIVERY-BAG-Insulated-waterproof/dp/B08VJ4VWGZ
83,"Eco Right Crossbody Box Sling Bags for Women & Men, Side Purse for Women Stylish Latest","1,699",4.1,38,https://www.amazon.in/Eco-Right-Womens-Stylish-Crossbody/dp/B0B1VF26KM
84,ASTRID Women's 17'' Black and White Textured Laptop Bag With Accessory Pouch,999,3.9,55,https://www.amazon.in/ASTRID-Black-Textured-Laptop-Accessory/dp/B09Z2G37YY
85,Red Lemon Polyester Bange Series 15.6inch Laptop Bag for Men 35 LTR Capacity Daily Office Bag for Men and Women Black (1903),"2,849",4.2,152,https://www.amazon.in/Red-Lemon-Polyester-15-6-inch-Waterproof/dp/B07XYY2FW4
86,"Lenovo 15.6"" Professional Backpack, Made in India, Water-resistant,Uncompromised storage, Travel friendly:Fleece-lined PC compartment,Vented,Padded BackPanel & Adjustable shoulder straps,Luggage strap","1,337",4.2,695,https://www.amazon.in/Lenovo-Professional-Backpack-Water-resistant-Uncompromised/dp/B08R7S55H4
87,ASTRID Women's Round Sling Bag with Pompoms (Brown),499,4.4,295,https://www.amazon.in/ASTRID-Womens-Round-Sling-Pompoms/dp/B08VS8JBNK
88,ZOUK Black Floral Printed Handmade Vegan Leather Women's Office Bag for 15.6 inch Laptop with Double Handles - FloMotif,"1,699",4.4,"1,691",https://www.amazon.in/FloMotif-Business-Shoulder-material-resistant/dp/B07NHYLTY7
89,TULMAN Canvas Travel Sling Bag Cross Body One side Shoulder College Bag for Men & Women - 30 x 13 x 26 CM - Olive Green,799,4.1,366,https://www.amazon.in/TULMAN-Stylish-Messenger-Shoulder-Bag/dp/B07Q74QLHT
90,ADISA Women's Sling Bag,575,4.0,"2,560",https://www.amazon.in/ADISA-SL5038-women-girls-sling/dp/B08Q4FHQLN
91,VIP Polypropylene 48 Cms Travel Bag(DFENDEBRN_Brown),899,4.3,334,https://www.amazon.in/VIP-Endura-Puller-Brown-Duffle/dp/B0B527KJQZ
92,ADISA Women's Quilted Cross Body Sling Bag,399,4.1,"2,146",https://www.amazon.in/ADISA-Womens-Sling-SL5059-CRE_Off-White/dp/B09154JPWQ
93,Lavie Women's Medium Mamo Dome Sling Bag | Ladies Purse Handbag | Crossbody Sling Strap,658,4.0,"1,372",https://www.amazon.in/Lavie-Spring-Summer-Womens-Sling/dp/B081KGQ3M4
94,HP Lightweight 300 Grey Laptops Backpack with Crafted Cable Pass Through and Padded Shoulder Straps,"1,001",4.1,66,https://www.amazon.in/HP-Lightweight-300-Grey-Backpack/dp/B08CY44PVD
95,Bennett™ Mystic Unisex Adult Men's Laptop Bag 15.6 inch Side Shoulder Briefcase Satchel Messenger Business Bags for Men & Women Front Pocket for Laptop Accessories - Black (6 Month Warranty),512,4.1,"4,857",https://www.amazon.in/BennettTM-Shoulder-Messenger-Repellent-Charcoal/dp/B09CV24TMK
96,Dein Kleider Nylon Sling Cross Body Utility Travel Office Business Messenger one Side Shoulder Bag for Men and Women,349,4.1,431,https://www.amazon.in/Kleider-Utility-Business-Messenger-Shoulder/dp/B09RQNP9KT
97,"Bennett Laptop Bag for Menं & Women 15.6 inch, 35 L Water Resistant Bag Laptop Apple / Dell / Lenovo / Asus / Hp / Samsung / Mi / MacBook / Ultrabook / Thinkpad / Ideapad / Surfacepro (Blue)",512,3.9,345,https://www.amazon.in/Bennett-15-6-inch-Repellent-Backpack-ben_cas_blue/dp/B09WZKB54G
98,Tommy Hilfiger Polyester 53 cms Navy + White Gym Shoulder Bag (TH/KENDALL0815),"1,799",4.4,63,https://www.amazon.in/Tommy-Hilfiger-Polyester-TH-KENDALL0815/dp/B082PFY9VC
99,wooum Small Size Sling Cross Body Travel Office Business Messenger one Side Shoulder Pouch Bag Money Bag for Men and Women (9x3.56inch),328.70,4.0,"1,171",https://www.amazon.in/Wooum-Business-Messenger-Shoulder-9x3-56inch/dp/B09KV1PFHV
100,Fostelo Handbag For Women And Girls | Ladies Purse Faux Leather Satchel Bag | Woman Gifts | Wedding Gifts For Women | Women 2 Compartments Bag | Travel Purse Hobo Bag | 4 Pockets Shoulder Bag,498,3.9,"6,988",https://www.amazon.in/Fostelo-Style-Diva-Womens-Handbag/dp/B00Z0NMFKU
101,Alifiya Polyester MacBook Laptop Sleeve Bag 16 Inch with Charger Pouch (Grey_L26),384,4.2,90,https://www.amazon.in/Alifiya-Polyester-MacBook-Charger-Grey_L26/dp/B09GP79C4C
102,Gear Vintage2 28L Faux Leather Water Resistant Anti Theft Laptop Bag/Backpack for Men/Women-Brown,949,4.4,"3,581",https://www.amazon.in/Gear-Vintage2-Leather-Backpack-LBPVG2LTH0201/dp/B07G4D13L7
103,Gear Casual Backpack,429,3.8,"2,038",https://www.amazon.in/Gear-Black-Casual-Backpack-MDBKPECO50104/dp/B0757MBSS6
104,wooum Water Resistant Material Sling Bag/One Side Bag/Shoulder Bag/Messenger Bag/Office Messenger Bag/Travel Side Bag with 14.1 Inch Laptop Compartment -,474.05,4.0,201,https://www.amazon.in/wooum-Resistant-Material-Messenger-Compartment/dp/B0BQFHN15L
105,"House of Quirk Hanging Travel Toiletry Bag, Waterproof Dopp Kit for Shaving Makeup Accessories, Men Cosmetic Organizer with Large Capacity, for Gym, Camping - Black",399,4.0,"1,921",https://www.amazon.in/House-Quirk-Hanging-Toiletry-Organizer/dp/B072MH8KBB
106,American Tourister Jamaica 80CM Wine RED Soft Suitcase,"4,799",4.3,"5,234",https://www.amazon.in/American-Tourister-27O-70-003/dp/B073XL19QZ
107,"Chic Buddy Waterproof Wet Bag, Washable, Reusable for Travel, Beach, Pool, Stroller, Diapers, Dirty Gym Clothes, Wet Swimsuits, Toiletries",299,4.5,256,https://www.amazon.in/Chic-Buddy-Waterproof-Swimsuits-Toiletries/dp/B09KS97LZH
108,"Storite PU Leather 14 inch Laptop Messenger Organizer Bag/Shoulder Sling Office Bag for Men & Women – (37x 27x7 cm,Light Brown)","1,059",4.0,"1,531",https://www.amazon.in/Storite-Leather-Laptop-Bag-inch/dp/B081GQJLD2
109,Lavie Women's Nova Tote Bag | Ladies Purse Handbag,824,4.2,"7,317",https://www.amazon.in/YuvKuz-TM-Infocus-Digitizer-Assembly/dp/B07MXNWTB2
110,"Tabelito® Casual Laptop Bag 15.6inch (39.6 cm) , 25 LTR Office College School Bags Business Travel Backpack for Men Women Water Resistant Bags(BLACK)",548,4.2,"1,498",https://www.amazon.in/Tabelito-Laptop-Backpack-15-6-inch-Repellent/dp/B08Y5S6C2P
111,NIVIA String Bag/Drawstring Bag/Sports Bag Boys/Polyester String Bag/Kit Bags/Drawstring Sports Bag/Dori Backpack/Gym Bag/String Bag Men Waterproof/Drawstring Backpack (Sky Blue),193,4.2,444,https://www.amazon.in/Nivia-5177SB-Polyester-String-Blue/dp/B071XMLFTL
112,ADISA Women's & Girls' Sling Bag,495,4.1,"2,770",https://www.amazon.in/ADISA-SL5022-black-women-girls/dp/B07NPXWFXX
113,"Large Capacity Cosmetic Travel Bag, Women's Makeup Travel Bag Portable Leather Cosmetics Bag, Makeup Storage Bags with Handle and Divider, Wide Opening Cosmetic/Makeup Organizer Bags(Pink)",799,4.3,107,https://www.amazon.in/Capacity-Cosmetic-Portable-Cosmetics-Organizer/dp/B0BK922Y5N
114,Lenovo Casual Laptop Backpack B210 39.62 cm (15.6) -inch Water Repellent Grey,906,4.2,"53,029",https://www.amazon.in/Lenovo-Laptop-Backpack-15-6-Inch-GX40Q17227/dp/B075Y6SRMG
115,Protecta The Professional Laptop Bag Briefcase for Laptops with Screen Size Up to 15.6 Inch (Black & Indian Geometric Print),699,4.4,"1,381",https://www.amazon.in/Protecta-Professional-15-6-inch-Briefcase-Geometric/dp/B07GNCRCP4
116,ADISA Women's Sling Bag,495,4.0,"2,083",https://www.amazon.in/ADISA-SL5013-black-women-girls/dp/B07DVM41CW
117,Tabelito® Casual 15.6 Inch (39.6 cm) Water Repellent Laptop Backpack Office College School Business Travel Bag Suitable for Men Women Boys & Girls Capacity 25 Litre (Grey),549,4.2,"1,498",https://www.amazon.in/Tabelito-Laptop-Backpack-15-6-inch-Repellent/dp/B08Y3L4PHK
118,NIVIA Basic Duffle Polyester Bag/ Gym Bags/ Adjustable Shoulder Bag for Men/ Duffle Gym Bags for Men/ Fitness Bag/ Carry Bags/ Sports & Travel Bag/ Sports Kit/ Duffle Bags Travel (Black/Grey),239,3.9,327,https://www.amazon.in/Nivia-6853BKGR-Polyester-Black-Grey/dp/B07NLB6FRS
119,Baggit Women's Laptop Bag - Large (Blue),987,5.0,1,https://www.amazon.in/Baggit-Womens-Laptop-Bag-Large/dp/B0BNTL7Z7J
120,"AirCase Office Messenger Sling Bag fits upto 15.6"" Laptop/Macbook, Detachable Shoulder Strap, Waterproof, Shockproof, Carry Handle with Spacious Pockets, For Men & Women",949,4.0,572,https://www.amazon.in/AirCase-C25-Messenger-Shoulder-Compartments/dp/B07X6DV3VM
121,"VIFITKIT Gym Bag for Men & Women, Duffel Bag, Multi-Purpose Bag with Spacious Storage Compartment & Durable Zipper Closure (22.5 litres, Black)",299,4.1,33,https://www.amazon.in/VIFITKIT-Multi-Purpose-Spacious-Storage-Compartment/dp/B0B4BL4RLC
122,Skybags Unisex Grey Jacqard 34L Laptop Bags,"1,155",4.4,12,https://www.amazon.in/Skybags-Unisex-Grey-Jacqard-Laptop/dp/B09ZV9SLBJ
123,DEIN KLEIDER Nylon Cross Body Travel Mobile Pouch Sling Messenger Bag for Women,259,4.2,"1,328",https://www.amazon.in/Kleider-Nylon-Travel-Mobile-Messenger/dp/B08V5B5G14
124,"Mi Step Out 12 L Mini Backpack (Small Size, Sky Blue, Water Repellant)",299,4.1,"7,623",https://www.amazon.in/Step-Backpack-Small-Water-Repellant/dp/B088X9M73T
125,Gear Vintage2 28L Faux Leather Water Resistant Anti Theft Laptop Bag/Backpack for Men/Women-Black,999,4.4,"1,631",https://www.amazon.in/Gear-Vintage2-Leather-Backpack-LBPVG2LTH0101/dp/B07G44G1DC
126,"Chic Buddy Waterproof Wet Bag, Washable, Reusable for Travel, Beach, Pool, Stroller, Diapers, Dirty Gym Clothes, Wet Swimsuits, Toiletries",289,4.5,256,https://www.amazon.in/Chic-Buddy-Waterproof-Swimsuits-Toiletries/dp/B0B25B5PB6
127,Hidesign Women Sling Bag (Blue),"1,999",4.4,102,https://www.amazon.in/Isle-Locada-Hidesign-Womens-Sling/dp/B07SYJL1P7
128,"Safari Sneak Casual Backpack with USB Charging Port 26 Ltrs Water Resistant Fabric - Grey, L (SNEAK19CBGRE)",899,3.7,762,https://www.amazon.in/Safari-Casual-Backpack-Charging-Resistant/dp/B09B2581S9
129,Red Lemon Swisslook Polyester Bange Series 45L 15.6-inch Laptop Bags Backpack for Men and Women Waterproof USB Anti Theft Travel Backpack,"2,849",4.3,"1,253",https://www.amazon.in/Swisslook-Polyester-15-6-inch-Backpack-Waterproof/dp/B07XYTZP4Z
130,Kuber Industries Rexine Lightweight Travel Toiletry Bag Shaving Kit with Carrying Strap (Grey) 54KM4283,189,4.1,17,https://www.amazon.in/Kuber-Industries-Lightweight-Toiletry-Carrying/dp/B0B45QRYHY
131,Isle Locada by Hidesign Women's SLING BAG(MARSALA/BROWN),"1,899",4.5,351,https://www.amazon.in/Isle-Locada-Hidesign-Womens-Sling/dp/B07TDTPRJ9
132,"Safari 48 Cms Black Formal/Office/Laptop Backpack With Anti-Theft, Lock, Usb And Rfid (Vault19Cbblk)","1,197",4.0,782,https://www.amazon.in/Safari-Formal-Backpack-Anti-Theft-VAULT19CBBLK/dp/B07XSTR69N
133,Fargo Handbag For Women And Girls COMBO SET OF 5 (Light5pc),499,3.2,"2,952",https://www.amazon.in/Fargo-Handbag-Women-Girls-Light5pc/dp/B09N3K2ZCP
134,"LuvLap Baby Breast Milk Storage Bags (Pack of 50), BPA Free Disposable Milk Freezer Bags for Breast Feeding, Transparent",549,4.4,515,https://www.amazon.in/Storage-Disposable-Freezer-Feeding-Transparent/dp/B099ZVTNCP
135,Wesley Milestone 15.6 inch 25 L Casual Waterproof Laptop Backpack/Office Bag/School Bag/College Bag/Business Bag/Unisex Travel Backpack (Black),498,4.3,"12,103",https://www.amazon.in/Wesley-Milestone-Waterproof-Backpack-Business/dp/B07NJRPJ6Q
136,wooum Water Resisitance Sling Cross Body Bag/One Side Bag/Shoulder Bag/Office Business Messenger Bag/Money Bag for Men and Women - Blue,328.70,4.0,575,https://www.amazon.in/Wooum-Resisitance-Shoulder-Business-Messenger/dp/B0993Q72WD
137,F Gear String 11 Ltrs Nylon Black Gym Bag,189,4.0,414,https://www.amazon.in/F-Gear-String-Polyester-33-cms-Black-Drawstring-Gym-Bag/dp/B07PC28YQ9
138,F Gear Raider 30 Liter Backpack with Rain Cover (.Marpat Navy Digital Camo),822,4.2,"2,869",https://www.amazon.in/F-Gear-Raider-Marpat-Navy-Backpack/dp/B07F1157TV
139,Mammon Women's PU Leather Handbag Combo,636,3.4,"6,904",https://www.amazon.in/Mammon-Womens-Leather-Handbag-4-teddy-pink/dp/B08N5F7P68
140,"AirCase Sleeve Messenger Bag with Handle & Detachable Shoulder Strap |for Upto 14"" Laptop/ MacBook | 3-in-1 use | 3 Zippered Spacious Pockets | Durable Nylon Padded Fabric, for Men & Women (Black)",849,4.2,"2,784",https://www.amazon.in/AirCase-C17-Laptop-Sleeve-Handle/dp/B07FJV79CX
141,Gear Classic 20L Faux Leather Water Resistant Anti Theft Laptop Bag/Backpack for Men/Women-Tan,999,4.4,"2,267",https://www.amazon.in/Classic-Leather-Laptop-Backpack-LBPCLSLTH1901/dp/B07G4CYC74
142,"House of Quirk Electronics Accessories Organizer Bag, Universal Carry Travel Gadget Bag for Cables, Plug and More, Perfect Size Fits for Pad Phone Charger Hard Disk - Dark Blue",499,4.3,"6,462",https://www.amazon.in/House-Quirk-Electronics-Accessories-Organizer/dp/B07MMGBD1J
143,F Gear Enzo Sports Waist Bag (.Red),197,4.2,751,https://www.amazon.in/F-Gear-Enzo-Red-Sports-Waist-Bag/dp/B0862LF7HS
144,"Eco Right Large Tote Bag for Women with Zip, Stylish Cotton Handbags, Canvas Tote Bags for College",519,4.1,"7,075",https://www.amazon.in/EcoRight-Womens-Reusable-Ecofriendly-0202F01/dp/B06XRQRDCY
145,Tabelito® Laptop Bag For Men and women Briefcase 15.6 Inch (39.6 cm) Messenger Side Shoulder Travel bags for mens Water Resistant gifts office bag for men,549,3.8,"1,404",https://www.amazon.in/Tabelito-Office-Laptop-Briefcase-Women/dp/B08FL584Z4
146,Hidesign Women Sling Bag (Blue),"1,499",4.4,250,https://www.amazon.in/Isle-Locada-Hidesign-Womens-Sling/dp/B07L6NGWLP
147,Gear Campus1 22L Water Resistant School Bag/ College Bag/ Backpack For Men/Women-Black Royalblue,649,4.3,"3,831",https://www.amazon.in/Gear-Black-Casual-Backpack-BKPCMPUS10110/dp/B00Z9427SK
148,SAFARI 15 Ltrs Sea Blue Casual/School/College Backpack (DAYPACKNEO15CBSEB),299,4.0,"17,771",https://www.amazon.in/SAFARI-Ltrs-Casual-Backpack-DAYPACKNEO15CBSEB/dp/B07Q7CNPMV
149,Farraige® Cartoon Soft Silicone Bag Crossbody Shoulder Bag Purse Waterproof Anti Fall Stationery Storage Bag Handbag Sweet Birthday Gift for Children Students Girls,598,4.7,20,https://www.amazon.in/Farraige%C2%AE-Silicone-Crossbody-Waterproof-Stationery/dp/B0B4G8W6MQ
150,Gear Parker 23L Water Resistant Anti Theft Laptop Bag/Backpack for Men/Women - Black,649,4.3,300,https://www.amazon.in/Gear-Executive-Anti-Theft-Backpack-BKPPKREXE0101/dp/B097KCMQKG
151,"AirCase C26 13.3 Inch/14 Inch Messenger Laptop Bag with Shoulder Strap, Water resistant, Handle and 2 Multi Utility Compartments (Black)",949,4.1,"2,562",https://www.amazon.in/AirCase-Messenger-13-Inch-14-Inch-MacBook/dp/B07WS6HTHY
152,Nivia 5177RD Polyester String Bag (Red),193,4.0,250,https://www.amazon.in/Nivia-5177RD-Polyester-String-Bag/dp/B07NNJKQQY
153,Mi Business Casual 21L Water Resistant Laptop Backpack (Dark Grey),999,4.4,"6,047",https://www.amazon.in/Mi-Business-Casual-Resistant-Backpack/dp/B07YY6PTMN
154,wooum 15.6 Inch Water Resistance Laptop Messenger Bag/Laptop Briefcase/Laptop Sling bag/Laptop Side Bag for Men and Women (Dark Grey),597.55,4.1,403,https://www.amazon.in/Wooum-Resistance-Laptop-Messenger-Briefcase/dp/B09BW4D31Z
155,Gear Superior 16LWater Resistant School Bag//Backpack/College Bag for Men/Women - Black,373,3.9,216,https://www.amazon.in/Gear-Superior-Casual-Backpack-BKPSPRIOR0001/dp/B08GY2ZN96
156,SAFARI 15 Ltrs Denim Blue Casual/School/College Backpack (DAYPACKNEO15CBDNB),480,4.0,"12,154",https://www.amazon.in/SAFARI-Denim-Casual-Backpack-DAYPACKNEO15CBDNB/dp/B07NSC4SL5
157,motherly 25 ltrs (25 Cms) backpack(5860_grey),"1,716",4.6,"5,399",https://www.amazon.in/Motherly-Stylish-Babies-Diaper-Mothers/dp/B07DMKJJB4
158,ZIBUYU® Tote Handbag for Women Fashion Faux Leather Tote Bag Classic Shoulder Crossbody Bags for Lady Girl Solid Color,"1,322",3.9,38,https://www.amazon.in/ZIBUYU%C2%AE-Handbag-Fashion-Shoulder-Crossbody/dp/B0B3MTSRFK
159,BROGBUS Leather Men Bag Business Messenger,989,4.1,367,https://www.amazon.in/BROGBUS-Business-Messenger-Sling-10-05inch/dp/B09QLD9GJY
160,"Gear Alphamount 45L Water Resistant Trekking Travel Rucksack for Men,Women - Black Yellow",849,4.0,318,https://www.amazon.in/Gear-Alphamount-Trekking-Black-Yellow-RKSALPAMT0112/dp/B097KFYPCG
161,LL LEATHER LAND DESIGNER BAGS Sling Bag_SLG_90,299,4.0,"1,547",https://www.amazon.in/LL-LEATHER-LAND-DESIGNER-BAGS/dp/B0BD4TTDHD
162,Okami Wolf unisex-adult ZenPack Laptop Messenger Bag With USB Fast Charger and RFID Protection ( Black),"3,499",4.4,36,https://www.amazon.in/Okami-Wolf-unisex-adult-Messenger-Protection/dp/B0B7521SSD
163,Gear Classic 20L Faux Leather Water Resistant Anti Theft Laptop Bag/Backpack for Men/Women-Navy,999,4.4,"5,985",https://www.amazon.in/Gear-Classic-Leather-Backpack-LBPCLSLTH0519/dp/B07G4JQX2F
164,Mi Business Casual 21L Water Resistant Laptop Backpack (Blue),999,4.4,"6,047",https://www.amazon.in/Business-Casual-Resistant-Laptop-Backpack/dp/B0862V2GKH
165,F Gear Colorado Grey Orange 39 Ltrs Laptop Backpack (3814),662,4.4,92,https://www.amazon.in/Gear-Colorado-Orange-Laptop-Backpack/dp/B097K6KD7W
166,Hidesign Women Sling Bag (Silver),"2,299",4.3,70,https://www.amazon.in/Isle-Coco-Hidesign-Womens-Sling/dp/B07L6N38Y3
167,"LuvLap Baby Breast Milk Storage Bags (Pack of 25), BPA Free Disposable Milk Freezer Bags for Breast Feeding, Transparent",308,4.4,515,https://www.amazon.in/Storage-Disposable-Freezer-Feeding-Transparent/dp/B099ZZ57FT
168,"Good Friends Blowzy Bags Laptop Messenger Bags for Men, Laptop Bags for Womens, Office Bags for Man, Laptop Briefcase, 15.6 inch Laptop Bag (Tan)",599,3.8,32,https://www.amazon.in/GOOD-FRIENDS-Blowzy-Messenger-Briefcase/dp/B088LG4CYY
169,ASTRID Blue Textured Cotton Tote Bag With Coin Pouch,749,4.4,218,https://www.amazon.in/ASTRID-Blue-Textured-Cotton-Pouch/dp/B08W431L94
170,Gear Turbo 45L Expandable Water Resistant Antitheft Laptop Bag/Backpack/Briefcase For Men/Women With Raincover (Grey),"1,568",4.4,753,https://www.amazon.in/Gear-Expandable-RainCover-Grey-Black-TLPTURBO00401/dp/B097KDRZ67
171,KILLER Casual College Bags Munich 29L Trendy Polyester Laptop Backpack,986,4.2,711,https://www.amazon.in/KILLER-Polyester-Orange-Laptop-Backpack/dp/B07B516P18
172,Van Heusen womens Sling - textured single color belt,"1,362",4.5,209,https://www.amazon.in/Van-Heusen-Woman-Spring-Summer-Burgundy/dp/B07MHFJ167
173,"Oscaurt Travel Laptop Backpack, Business High School College Bookbag,Slim Daypack for Women & Men Fit 15.6 Inches Laptop",949,4.5,882,https://www.amazon.in/Anti-Theft-Backpack-Business-Charging-Student/dp/B07RSJNNZS
174,Baggit Women Hobo Handbag (CARROT),398,3.8,86,https://www.amazon.in/Baggit-Womens-Sling-bag-Carrot/dp/B09F3P9YZ5
175,Wildcraft 35 Ltrs 18 inch Backpack (11908 Navy_Navy),"1,246",4.1,577,https://www.amazon.in/Wildcraft-Solid-Backpack-Navy-11908/dp/B07N1D9LX8
176,Lavie Women's Betula Medium Tote Bag | Ladies Purse Handbag,"1,055.39",4.1,"18,200",https://www.amazon.in/Lavie-Betula-Womens-Tote-Black/dp/B08HWFWGNX
177,Asus BP1504 39.62 cm (15.6-inch) Laptop Backpack (Dark Grey),559,4.2,"1,481",https://www.amazon.in/Asus-BP1504-15-6-inch-Laptop-Backpack/dp/B0895ZZHKK
178,"NIVIA ‘Ball Carrying Bag’ for 9 Balls, Polyester, Black",566,4.4,66,https://www.amazon.in/Nivia-783-Polyester-Carrying-Balls/dp/B072KWMD1F
179,Baggit Women's Sling Bag - Small (Blue),700,5.0,1,https://www.amazon.in/Baggit-Womens-Sling-Bag-Small/dp/B0BNTQLVBF
180,Wildcraft 29.5 Ltrs Green Casual Backpack (11650-Green),995,4.2,310,https://www.amazon.in/Wildcraft-Green-Casual-Backpack-11650-Green/dp/B079DV66TY
181,Amazon Brand - Eden & Ivy Women's Sling Bag,599,4.1,559,https://www.amazon.in/Amazon-Brand-Womens-Sling-Mustard/dp/B07XBZR7SR
182,Lenovo Casual Laptop Backpack B210 39.62 cm (15.6-inch) Water Repellent Blue,966,4.2,"53,029",https://www.amazon.in/Lenovo-GX40Q17226-15-6-Inch-Casual-Backpack/dp/B075Y7H8V6
183,ADISA Women Girls Floral Print Round Sling Bag,399,4.2,"1,114",https://www.amazon.in/ADISA-Women-Girls-Floral-SL5073-SKY_Sky/dp/B09B56RD6Z
184,"FUR JADEN Travel Laptop Backpack, Business Backpacks with USB Charging Port, Water Resistant College School Computer Bag for Men & Women Fits Under 15.6 inch Laptop and Notebook",989,4.2,78,https://www.amazon.in/Backpack-Business-Backpacks-Charging-Resistant/dp/B094DGXXR5
185,Tabelito® Basic Laptop Bag Sleeve Case Cover Pouch for 15.6 Inch(39.6cm) Laptop Apple / Dell / Lenovo / Asus / Hp / Samsung / Mi / MacBook / Ultrabook / Thinkpad / Ideapad / Surfacepro (Blue),299,4.2,"1,820",https://www.amazon.in/Tabelito%C2%AE-Basic-Laptop-Sleeve-Surfacepro/dp/B09NDTCZ4N
186,American Tourister Ivy Polypropylene 68 cms Black Hardsided Check-in Luggage (FO1 (0) 09 002),"3,499",4.2,"8,506",https://www.amazon.in/American-Tourister-Polypropylene-FO1-002/dp/B08CS9NC8Y
187,"AirCase Anti-Gravity Backpack for Men & Women, Weight Reducing 15.6” Laptop Bag for Travel & Office, Ergonomic Technology for Posture & Muscle Support, Patent Protected, In-built Shock Absorber","4,099",3.9,34,https://www.amazon.in/AirCase-Anti-Gravity-Ergonomic-Technology-Protected/dp/B0B87NB61B
188,"AirCase Laptop Messenger Bag Case Cover Pouch for 13.3-Inch, 14-Inch, 15.6 -Inch Laptop Bag for Men & Women","1,199",4.1,480,https://www.amazon.in/AirCase-C30-Messenger-Compartments-Multi-Pockets/dp/B07V57FMBH
189,Lino Perros Sling bag,899,4.2,596,https://www.amazon.in/Lino-Perros-Womens-Sling-Bag/dp/B07B4DGZ8D
190,ZOUK Multicolor Abstract Printed Handmade Vegan Leather Women's Office Bag for 15.6 inch Laptop with Double Handles - Abstract Amaze,"1,699",4.4,"1,691",https://www.amazon.in/Womens-Abstract-Office-leather-adjustable/dp/B07VLHK7J4
191,wooum Water Resistant Material Sling Bag/One Side Bag/Shoulder Bag/Messenger Bag/Office Messenger Bag/Travel Side Bag with 14.1 Inch Laptop Compartment -,474.05,4.0,201,https://www.amazon.in/Wooum-Resistant-Material-Messenger-Compartment/dp/B09KV7Y3KL
192,Gear Vintage2 Anti Theft Faux Leather 18 cms Tan Laptop Backpack,989,4.4,"1,404",https://www.amazon.in/Gear-Vintage2-Leather-Backpack-LBPVG2LTH1901/dp/B07G4F3758
193,ZOUK Black Printed Handmade Vegan Leather Women's Office Bag for 15.6 inch Laptop with Double Handles - African Art,"1,699",4.4,"1,691",https://www.amazon.in/African-Business-Shoulder-Material-Resistant/dp/B07MNY1DM1
194,Nelle Harper Women's Handbag,699,3.9,"2,815",https://www.amazon.in/Nelle-Harper-Womens-Shoulder-Dark/dp/B07RBR6NW2
195,Gear Classic 20L Faux Leather Water Resistant Anti Theft Laptop Bag/Backpack for Men/Women-Black,999,4.4,"2,525",https://www.amazon.in/Gear-Classic-Leather-Backpack-LBPCLSLTH0101/dp/B07G4D13LB
196,"MOCA Waterproof Nylon Exterior with Soft Velvety Interior Sleeve Bag Pouch Carry Case for 13.3"" to 14 inch Laptops, MacBook (Black, 13.3 Inch)","1,316",4.4,"2,025",https://www.amazon.in/MOCA-Waterproof-Exterior-Velvety-Interior/dp/B09FJT5SJJ
197,"SABUZ BAG 15.6-inch Laptop Computer Briefcase,Water Resistant, Business Bag with Waterproof Zipper,Shoulder Bag Handbag,Compatible with laptop MacBook Notebook,for MeN&Women (GREY)",749,3.7,214,https://www.amazon.in/15-6-inch-Briefcase-Resistant-Waterproof-Compatible/dp/B0966F821Q
198,Hidesign Women Sling Bag (Black),"1,999",4.3,225,https://www.amazon.in/Isle-Locada-Hidesign-Womens-Sling/dp/B07L6NX9WV
199,F Gear String 13 Ltr Gym Bag (Black),189,4.2,33,https://www.amazon.in/F-Gear-String-LTR-Gym-Bag/dp/B07L4ZNBPQ
200,CRALOFT Polyester Side Bag For Men/Sling Bag/Crossbody Tablet Messenger Bag For Office Business Travel (Extra Spacious),529,4.3,272,https://www.amazon.in/Polyester-Crossbody-Messenger-Business-Spacious/dp/B09TL193PL
201,AmazonBasics 20 ltrs (33 Cms)Casual Backpack for 15.6-inch Laptop(CLB-1_black),539,4.2,384,https://www.amazon.in/Amazon-Basics-Casual-Backpack-15-6-inch/dp/B09W4WJ1CB
202,The Clownfish Trident Series Laptop Briefcase 15.6 inch Laptop Bag Messenger Bag (Dark Brown),"1,819",4.4,236,https://www.amazon.in/Clownfish-Trident-Laptop-Briefcase-Messenger/dp/B079HZJTK2
203,Lino Perros quilted sling bag,"1,108",3.9,45,https://www.amazon.in/Lino-Perros-quilted-sling-bag/dp/B09P68T4BQ
204,Truvic Polyster Black Light Weight Laptop Bag 30 ltrs Laptop Backpack for Upto 15.6 inch Laptop (Black),599,3.4,629,https://www.amazon.in/Aavishkar-Polyster-Weight-Laptop-Backpack/dp/B08DLL3794
205,"F Gear Blow Laptop Backpack With Rain Cover 32 Liters (Black,Grey) Sch Bag","1,039",4.3,"1,245",https://www.amazon.in/F-Gear-Blow-Laptop-Backpack/dp/B078J63VRY
206,"Nivia 5227 Pulse Junior Bag, Others (Orange) (ORNAGE)",369,3.7,139,https://www.amazon.in/Nivia-5227-Junior-Others-Orange/dp/B08D7QKCX5
207,"AirCase Laptop Messenger Bag Case Cover Pouch for 13.3-Inch, 14-Inch Laptop Bag for Men & Women (Blue)",949,4.1,"2,562",https://www.amazon.in/AirCase-C26-Messenger-Laptop-Shoulder/dp/B07P417566
208,NIVIA Sports Space Polyester Gym Bag/Unisex Gym Bags/Adjustable Shoulder Bag for Men/Duffle Gym Bags for Men/Fitness Bag/Sports and Travel Bag/Sports Kit/Duffle Bags Travel (Orange/Grey),775,4.1,43,https://www.amazon.in/Nivia-5412OG-Polyester-Sports-Orange/dp/B07HCP7W3K
209,Chumbak laptop Bag,"3,495",4.4,66,https://www.amazon.in/Chumbak-Elephant-Rickshaw-Laptop-Bag/dp/B07XKTZ4PY
210,American Tourister Polypropylene Hard 68 cms Luggage- Suitcase(LG4 (0) 08 002_Iron Grey),"2,899",4.0,152,https://www.amazon.in/American-Tourister-Polypropylene-LG4-08/dp/B0BB2LX7LW
211,HP Odyssey Backpack for 15.6-inch Laptop (Grey/Green),"2,459",4.5,"5,131",https://www.amazon.in/HP-Odyssey-Backpack-15-6-inch-Laptop/dp/B012K57MYE
212,ADISA Light Weight Laptop Backpack 32 Ltrs,499,4.0,"5,545",https://www.amazon.in/ADISA-BP005-Weight-Casual-Backpack/dp/B07F3VDBV5
213,"Aurion Durable Vista Bag with Multiple Purposes and Compartments for Men and Women - (24 cm, Olive Green x Blue, 1pc) | Sports Bag | Duffle Bag | Travel Bag | Camping Bag | Kit Bag | Luggage Bag",299,4.0,38,https://www.amazon.in/Shoulder-Lightweight-Duffle-Weekend-OliveGreen-SkyBlue/dp/B09136P3D9
214,"Kuber Industries Embroidery Small Hand Bag, Tote Bag, Purse For Daily Trips, Travel, Office & All Occasions For Women & Girls (Gold)-HS_38_KUBMART21477",126.86,3.7,49,https://www.amazon.in/Kuber-Industries-Embroidery-Occasions-HS_38_KUBMART21477/dp/B095C9DPDM
215,Lino Perros Faux Leather Handbag,"1,483",4.3,"2,420",https://www.amazon.in/Lino-Perros-Womens-Handbag-White/dp/B07L4QGTR4
216,Lavie Pavo Women's Tote Bag,915.75,4.1,"4,513",https://www.amazon.in/Lavie-Pavo-Womens-Tote-Bag/dp/B08YZ49632
217,"AmazonBasics Laptop Slingbag - 16.5L, Water Repellent and Wear Resistant, Black & Grey","1,599",3.8,37,https://www.amazon.in/Amazon-Basics-Laptop-Backpack-Repellent/dp/B09W36L1KL
218,"Kraptick Diaper bag backpack, diaper bags for mom for travel, baby diaper bag, maternity bags for mother and baby, nursing bags for mothers, diaper bag handbag",975,5.0,2,https://www.amazon.in/Kraptick-backpack-maternity-nursing-mothers/dp/B0BFWJFS62
219,Lavie Women's Beech Satchel Bag | Ladies Purse Handbag,"1,197",4.2,"3,619",https://www.amazon.in/Lavie-Beech-Womens-Satchel-Handbag/dp/B096KPM1KT
220,Chumbak Forest Flowers Embroidered Sling Bag - Green,"2,396",4.0,12,https://www.amazon.in/Chumbak-Forest-Flowers-Embroidered-Green/dp/B084YYMS2W
221,HEROZ Hacker 50 litres Nylon Travel Laptop Backpack Water Resistant Slim Durable Computer Book Bag Tracking Fits Up to 17.3-inch Laptop (058- All) (Grey & Red),"1,599",4.1,"3,683",https://www.amazon.in/HEROZ-Backpack-Resistant-Computer-17-3-inch/dp/B083N53TWB
222,HEROZ Hacker 50 litres Nylon Travel Laptop Backpack Water Resistant Slim Durable Computer Book Bag Tracking Fits Up to 17.3-inch Laptop (058- All) (Grey & Red),"1,599",4.1,"3,683",https://www.amazon.in/HEROZ-Backpack-Resistant-Computer-17-3-inch/dp/B083N53TWB
223,"Gizga Essentials Travel Toiletry Kit Bag for Men & Women, Travel Organizer Case with Handle & Hook, Premium Zipper, Multiple Pockets, Multi-Utility Pouch for Shaving Makeup Cosmetics, Light Grey",399,4.1,51,https://www.amazon.in/Gizga-Essentials-Organizer-Multi-Utility-Cosmetics/dp/B09WVRKYCJ
224,"Kuber Industries Women's Handcrafted Embroidered Clutch Bag (Grey, CTKTC034517)",345.51,3.7,255,https://www.amazon.in/Kuber-Industries-Handcrafted-Embroidered-Handbag/dp/B082VFZP9C
225,Lavie Women's Reptile Woven Texture Sling Bag | Ladies Purse Handbag | Crossbody Sling Strap,888,4.0,"1,028",https://www.amazon.in/Lavie-Moritz-Womens-Sling-Navy/dp/B07SMBCMG7
226,Wildcraft 45 Ltrs Blue Rucksack (8903338073871),"1,599",4.3,"2,098",https://www.amazon.in/Wildcraft-Ltrs-Blue-Rucksack-8903338073871/dp/B01G5I8YAI
227,LEGAL BRIBE Checkered Sling,760,3.8,230,https://www.amazon.in/LEGAL-BRIBE-Womens-Checkered-Sling/dp/B098JQJ7VV
228,"AirCase Office Messenger Sling Bag fits upto 15.6"" Laptop/Macbook, Detachable Shoulder Strap, Waterproof, Shockproof, Carry Handle with Spacious Pockets, For Men & Women",949,3.9,656,https://www.amazon.in/AirCase-C25-Messenger-Shoulder-Compartments/dp/B07P42BHHT
229,Genie Plaids 19 Maroon Backpack Collection,"1,099",4.4,333,https://www.amazon.in/Genie-Plaids-Latest-Backpack-Collection/dp/B0893ZWXQJ
230,Wildcraft CL2 Laptop bagpack (Black),"1,719",4.1,171,https://www.amazon.in/Wildcraft-CL2-laptop-bagpack-Black/dp/B00L14FKD6
231,ABYS Leather Sling & Cross-Body Bags for Men and Women(1049ABIBA95_Coffee Brown),664,3.6,62,https://www.amazon.in/ABYS-Genuine-Handbags-Clutches-Cross-Body/dp/B08BJ6HDCZ
232,Wildcraft Shutter Bug Camera Backpack - Black,"3,782",4.5,777,https://www.amazon.in/Wildcraft-Shutter-Bug-Camera-Backpack/dp/B07GVJ5LZB
233,Chumbak Sling Bags,997,3.8,131,https://www.amazon.in/Chumbak-Womens-Flower-Canvas-Sling/dp/B08FRFFGDB
234,"Arctic Hunter Laptop Bag,Messenger bags for Men and Women Laptop Sling Bag with Handle Water-resistant Laptop Briefcase for 15.6 inch Laptop Multiple Pockets Travel Office For Men.Black","2,849",4.5,34,https://www.amazon.in/Messenger-Water-resistant-Briefcase-Multiple-Men-Black/dp/B0B6G58BYC
235,"Goatter Hunter Leather 16"" Inch Laptop Messenger Bag/Office Bag For Men","2,499",4.1,40,https://www.amazon.in/Goatter-Hunter-Leather-Laptop-Messenger/dp/B0BQR4N3CM
236,SHREY KARE Wheelie Bag ONE Size (Black),"2,149",4.3,135,https://www.amazon.in/SHREY-KARE-Wheelie-Size-Black/dp/B09XR1T92Z
237,"RBB HUB Black Leather Gym Bag Gym Bag (Black, Sling Bag)",229,5.0,1,https://www.amazon.in/RBB-HUB-Black-Leather-Sling/dp/B082G8KPD2
238,Baggit Women's Sling Bag,777,4.4,49,https://www.amazon.in/LXE-ECONO-ASHLYN-VINTAGE-BLUE/dp/B09MK23GB8
239,Wildcraft 35 Ltrs Black and Mel Backpack (WC 5 Dare),"1,544",4.5,"1,544",https://www.amazon.in/Wildcraft-Black-Backpack-WC-Dare/dp/B06XD713N9
240,Skybags Riddle 2 Blue 45 Cms Casual Backpack,"1,143",4.4,58,https://www.amazon.in/Skybags-Riddle-Blue-Casual-Backpack/dp/B08Z298H44
241,"Wildcraft 45 Ltrs Grey and Orange Rucksack (8903338073864), Large","1,749",4.3,"8,681",https://www.amazon.in/Wildcraft-Ltrs-orange-Rucksack-8903338073864/dp/B01G5I8YLC
242,Lino Perros Colored Sling bag (BEIGE),618,4.1,196,https://www.amazon.in/Lino-Perro-Colored-Sling-BEIGE/dp/B08ZKY3JZH
243,"Kuber Industries Handcrafted Embroidered Clutch Bag Purse Handbag for Bridal, Casual, Party, Wedding (Maroon and Peach) - CTKTC034524-2 Pieces",593.01,3.6,25,https://www.amazon.in/Kuber-Industries-Handcrafted-Embroidered-Handbag/dp/B082VFV736
244,Skybags Riddle 2 Blue 45 Cms Casual Backpack,"1,143",4.4,58,https://www.amazon.in/Skybags-Riddle-Blue-Casual-Backpack/dp/B08Z298H44
245,House of Quirk Baby Diaper Bag Maternity Backpack (Jeep Green),"1,399",4.3,"3,290",https://www.amazon.in/House-Quirk-Diaper-Maternity-Backpack/dp/B07T9PSCRB
246,Lino Perros Colored Sling bag (BEIGE),618,4.1,196,https://www.amazon.in/Lino-Perro-Colored-Sling-BEIGE/dp/B08ZKY3JZH
247,AmazonBasics 20 ltrs (35 Cms)backpack(CLB-5_black),749,4.2,384,https://www.amazon.in/Amazon-Basics-Everyday-Backpack-15-6-inch/dp/B09W4YLV7P
248,ASIAN Eco-Friendly Jute Bag-Reusable Tiffin Shopping Grocery Multipurpose Hand Bag with Zip & Handle for Men and Women (Pack of 1),189,3.9,343,https://www.amazon.in/Eco-Friendly-Bag-Reusable-Shopping-Grocery-Multipurpose/dp/B09B5CMMP1
249,Chumbak Owl Charm Fashion Tote Bag - Navy,"2,995",4.2,22,https://www.amazon.in/Chumbak-Charm-Navy-Fashion-Tote/dp/B084YP2ZLJ
250,ADISA 32 Ltrs Water Resistant Casual Travel Bagpack/College Backpack/School Office Bag for Men and Women,499,4.0,"3,747",https://www.amazon.in/ADISA-BP010-Weight-Casual-Backpack/dp/B07MXL986B
251,"Baby Bag, School Bag for Kids Girl, Soft Bag, Cartoon Backpack(Konggi Rabbit)",201,2.8,5,https://www.amazon.in/School-Cartoon-Backpack-Konggi-Rabbit/dp/B09241N9KD
252,Aristocrat Spark 53cm Polyester Small Red Duffle Bag,969,4.3,59,https://www.amazon.in/Aristocrat-Spark-Polyester-Small-Duffle/dp/B0B6CF261N
253,"Worldstar Waist Bag for Men & Women, Slim Fanny Pack Casual Sling Shoulder Chest Pack with Adjustable Strap for Walking, Cycling, Running, Hiking Hold Phones, Keys, Cards (Combo Rock Black & Blue)",499,5.0,1,https://www.amazon.in/Worldstar-Shoulder-Adjustable-Walking-Cycling/dp/B09QL3DM7H
254,"Antin Rose Gold Metallic Faux Leather Shoulder Bags Wear as Tote Bag, Handbag, Sling Bag with contrast double handle and detachable shoulder strap. (ACPL-5021_RG)","1,000",4.4,51,https://www.amazon.in/Antin-Metallic-Shoulder-contrast-detachable/dp/B09MRWPZGW
255,"Funtoos Stylish, Fashionable & Simple Bag For Ladies/Girls/Women School,College,Traveling Bag Casual Backpack, Waterproof Backpack (10 L) (, 12 inch) Waterproof School Bag (PINK)",399,3.3,70,https://www.amazon.in/Stylish-Fashionable-Traveling-Backpack-Waterproof/dp/B09CM9HJ9F
256,AmazonBasics 21 ltrs (29 Cms)Casual Backpack-21 L(CLB-6_black),839,4.2,384,https://www.amazon.in/Amazon-Basics-Casual-Laptop-Backpack/dp/B09W4X977X
257,"AQVA Canvas Tote Bag for Women, Shoulder Bag with Inner Zip Pocket, Printed Handbag for Shopping, Travel, Work, Beach",799,4.4,545,https://www.amazon.in/AQVA-Stripe-Canvas-Shoulder-Shopping/dp/B08Y13LD57
258,Black Mirror Polyester Messenger Bag,699,4.0,"1,328",https://www.amazon.in/Black-Mirror-Laptop-Messenger-EXLP-001/dp/B07DHB91H7
259,Vector X Polyester Blitz Gym Bag (Grey-Orange),299,3.5,5,https://www.amazon.in/Vector-Polyester-Blitz-Gym-Grey-Orange/dp/B091MYFBBR
260,Lino Perros Backpack,"1,469",4.4,173,https://www.amazon.in/Lino-Perros-Women-Colored-Backpack/dp/B084TPL24S
261,Wildcraft Verge 35 litres Travel Bag Pack (Camo),"1,838",4.4,38,https://www.amazon.in/Wildcraft-Verge-litres-Travel-Pack/dp/B07YFQZ66T
262,HEROZ Hammer Unisex Nylon 45 L Travel Laptop Backpack Water Resistant Slim Durable Fits Up to 17.3 Inch Laptop Notebook (All) (Navy Blue & Sky Blue),"1,499",4.3,"7,641",https://www.amazon.in/HEROZ-Backpack-Resistant-Durable-Notebook/dp/B08BYQZYYC
263,"uppercase Laptop Backpack 1600EBP Compact 3x more water repellent sustainable bags with rain proof zippers for Men, Women, Boys and Girls , 750 Days warranty",950,4.2,154,https://www.amazon.in/uppercase-Backpack-1600EBP1-resistant-sustainable/dp/B0B68ZS5G1
264,COSMUS RITZY Unisex Multipurpose Sling Bag With Multiple Pocket & Paded Section For Tablet,699,4.1,97,https://www.amazon.in/COSMUS-Unisex-Multipurpose-Multiple-Section/dp/B08RSJ5T8Z
